date,state,district,pincode,demo_age_5_17,demo_age_17_
01-04-2025,Haryana,Hisar,125113,43,300
01-04-2025,Haryana,Hisar,125033,177,1213
01-04-2025,Haryana,Hisar,125005,21,125
01-05-2025,Haryana,Hisar,125001,434,2783
01-03-2025,Haryana,Hisar,125052,51,624
01-03-2025,Haryana,Hisar,125039,64,679
01-07-2025,Haryana,Hisar,125121,80,705
01-07-2025,Haryana,Hisar,125052,93,647
01-09-2025,Haryana,Hisar,125004,0,5
01-09-2025,Haryana,Hisar,125033,6,46
01-09-2025,Haryana,Hisar,125048,0,2
01-09-2025,Haryana,Hisar,125049,3,9
01-09-2025,Haryana,Hisar,125113,1,12
02-09-2025,Haryana,Hisar,125006,0,2
03-09-2025,Haryana,Hisar,125039,4,16
03-09-2025,Haryana,Hisar,125112,3,2
04-09-2025,Haryana,Hisar,125006,0,7
04-09-2025,Haryana,Hisar,125033,3,29
04-09-2025,Haryana,Hisar,125042,0,6
04-09-2025,Haryana,Hisar,125049,1,5
04-09-2025,Haryana,Hisar,127041,0,1
05-09-2025,Haryana,Hisar,125044,0,8
06-09-2025,Haryana,Hisar,125004,1,5
06-09-2025,Haryana,Hisar,125113,0,5
08-09-2025,Haryana,Hisar,125039,4,30
07-09-2025,Haryana,Hisar,125004,0,2
07-09-2025,Haryana,Hisar,125042,0,1
09-09-2025,Haryana,Hisar,125047,3,9
09-09-2025,Haryana,Hisar,125049,1,7
09-09-2025,Haryana,Hisar,125113,3,19
10-09-2025,Haryana,Hisar,125038,3,4
10-09-2025,Haryana,Hisar,125042,0,6
10-09-2025,Haryana,Hisar,125048,0,3
10-09-2025,Haryana,Hisar,125049,2,13
11-09-2025,Haryana,Hisar,125004,0,8
11-09-2025,Haryana,Hisar,125006,1,8
11-09-2025,Haryana,Hisar,125038,0,2
11-09-2025,Haryana,Hisar,125042,0,4
11-09-2025,Haryana,Hisar,125047,0,11
11-09-2025,Haryana,Hisar,125052,8,23
11-09-2025,Haryana,Hisar,125112,0,3
12-09-2025,Haryana,Hisar,125001,14,128
12-09-2025,Haryana,Hisar,125033,11,57
12-09-2025,Haryana,Hisar,125052,3,19
12-09-2025,Haryana,Hisar,125113,1,17
14-09-2025,Haryana,Hisar,125006,0,2
14-09-2025,Haryana,Hisar,125033,0,4
14-09-2025,Haryana,Hisar,125039,0,6
14-09-2025,Haryana,Hisar,125052,0,2
13-09-2025,Haryana,Hisar,125033,9,20
15-09-2025,Haryana,Hisar,125001,10,90
15-09-2025,Haryana,Hisar,125047,5,11
15-09-2025,Haryana,Hisar,125049,3,5
15-09-2025,Haryana,Hisar,125052,3,31
16-09-2025,Haryana,Hisar,125006,0,5
16-09-2025,Haryana,Hisar,125037,0,1
16-09-2025,Haryana,Hisar,125047,1,9
17-09-2025,Haryana,Hisar,125001,20,113
17-09-2025,Haryana,Hisar,125004,0,12
17-09-2025,Haryana,Hisar,125037,0,2
17-09-2025,Haryana,Hisar,125039,2,17
18-09-2025,Haryana,Hisar,125004,1,5
18-09-2025,Haryana,Hisar,125005,2,9
18-09-2025,Haryana,Hisar,125033,6,46
18-09-2025,Haryana,Hisar,125042,5,4
18-09-2025,Haryana,Hisar,125047,0,5
18-09-2025,Haryana,Hisar,125112,0,4
19-09-2025,Haryana,Hisar,125001,17,77
19-09-2025,Haryana,Hisar,125004,1,2
19-09-2025,Haryana,Hisar,125006,1,2
19-09-2025,Haryana,Hisar,125049,0,3
20-09-2025,Haryana,Hisar,125004,0,3
20-09-2025,Haryana,Hisar,125038,1,1
20-09-2025,Haryana,Hisar,125044,2,9
20-09-2025,Haryana,Hisar,125121,2,27
13-10-2025,Haryana,Hisar,125001,0,46
13-10-2025,Haryana,Hisar,125004,0,2
13-10-2025,Haryana,Hisar,125048,0,1
13-10-2025,Haryana,Hisar,125112,0,6
13-10-2025,Haryana,Hisar,125121,0,21
15-10-2025,Haryana,Hisar,125004,1,7
15-10-2025,Haryana,Hisar,125005,1,6
15-10-2025,Haryana,Hisar,125006,2,1
15-10-2025,Haryana,Hisar,125112,0,12
15-10-2025,Haryana,Hisar,125113,2,11
16-10-2025,Haryana,Hisar,125001,19,122
16-10-2025,Haryana,Hisar,125039,2,32
16-10-2025,Haryana,Hisar,125047,4,15
16-10-2025,Haryana,Hisar,125113,2,19
09-11-2025,Haryana,Hisar,125004,0,1
12-11-2025,Haryana,Hisar,127041,0,1
02-12-2025,Haryana,Hisar,125038,0,6
07-12-2025,Haryana,Hisar,125004,0,2
07-12-2025,Haryana,Hisar,125037,0,1
26-10-2025,Haryana,Hisar,125006,0,7
26-10-2025,Haryana,Hisar,125038,2,6
21-10-2025,Haryana,Hisar,125004,1,2
21-10-2025,Haryana,Hisar,125006,1,0
21-10-2025,Haryana,Hisar,125038,1,0
21-10-2025,Haryana,Hisar,125044,2,0
21-10-2025,Haryana,Hisar,125113,2,1
22-10-2025,Haryana,Hisar,125049,0,1
25-10-2025,Haryana,Hisar,125001,9,98
25-10-2025,Haryana,Hisar,125038,0,4
25-10-2025,Haryana,Hisar,125042,1,5
24-10-2025,Haryana,Hisar,125001,13,91
24-10-2025,Haryana,Hisar,125004,1,2
24-10-2025,Haryana,Hisar,125037,0,4
24-10-2025,Haryana,Hisar,125038,1,5
24-10-2025,Haryana,Hisar,125042,1,8
24-10-2025,Haryana,Hisar,125044,1,6
24-10-2025,Haryana,Hisar,125050,0,1
24-10-2025,Haryana,Hisar,125112,0,5
17-10-2025,Haryana,Hisar,125112,0,5
17-10-2025,Haryana,Hisar,125121,4,26
18-10-2025,Haryana,Hisar,125044,1,10
18-10-2025,Haryana,Hisar,125048,1,1
18-10-2025,Haryana,Hisar,125052,5,20
19-10-2025,Haryana,Hisar,125047,1,1
19-10-2025,Haryana,Hisar,125049,0,10
19-10-2025,Haryana,Hisar,125052,1,16
27-10-2025,Haryana,Hisar,125044,1,9
27-10-2025,Haryana,Hisar,125047,1,11
27-10-2025,Haryana,Hisar,125112,1,8
27-10-2025,Haryana,Hisar,125113,0,12
28-10-2025,Haryana,Hisar,125005,0,8
28-10-2025,Haryana,Hisar,125042,0,7
28-10-2025,Haryana,Hisar,125049,1,11
28-10-2025,Haryana,Hisar,125052,0,24
28-10-2025,Haryana,Hisar,125121,1,32
02-11-2025,Haryana,Hisar,125050,0,1
20-12-2025,Haryana,Hisar,125001,12,79
20-12-2025,Haryana,Hisar,125033,4,38
20-12-2025,Haryana,Hisar,125038,0,2
22-12-2025,Haryana,Hisar,125042,0,7
22-12-2025,Haryana,Hisar,125044,1,2
22-12-2025,Haryana,Hisar,125113,3,24
16-12-2025,Haryana,Hisar,125048,0,1
16-12-2025,Haryana,Hisar,125055,0,1
15-12-2025,Haryana,Hisar,125006,3,5
15-12-2025,Haryana,Hisar,125112,0,11
15-12-2025,Haryana,Hisar,125121,4,55
09-12-2025,Haryana,Hisar,125033,4,47
09-12-2025,Haryana,Hisar,125121,0,37
12-12-2025,Haryana,Hisar,125033,3,51
12-12-2025,Haryana,Hisar,125042,0,14
21-12-2025,Haryana,Hisar,125006,3,2
21-12-2025,Haryana,Hisar,125121,0,4
19-12-2025,Haryana,Hisar,125001,15,109
19-12-2025,Haryana,Hisar,125005,0,2
19-12-2025,Haryana,Hisar,125038,3,10
19-12-2025,Haryana,Hisar,125042,2,9
19-12-2025,Haryana,Hisar,125044,1,5
19-12-2025,Haryana,Hisar,125047,0,17
19-12-2025,Haryana,Hisar,125113,1,25
13-12-2025,Haryana,Hisar,125033,4,28
13-12-2025,Haryana,Hisar,125044,0,10
13-12-2025,Haryana,Hisar,125047,0,4
14-12-2025,Haryana,Hisar,125038,0,3
14-12-2025,Haryana,Hisar,125044,0,2
17-12-2025,Haryana,Hisar,125037,0,6
17-12-2025,Haryana,Hisar,125048,0,2
10-12-2025,Haryana,Hisar,125039,4,25
28-12-2025,Haryana,Hisar,125113,0,11
29-12-2025,Haryana,Hisar,125047,0,15
29-12-2025,Haryana,Hisar,125112,0,14
29-12-2025,Haryana,Hisar,125113,1,25
18-12-2025,Haryana,Hisar,125033,3,61
18-12-2025,Haryana,Hisar,125038,0,6
18-12-2025,Haryana,Hisar,125049,1,10
08-12-2025,Haryana,Hisar,125039,1,23
08-12-2025,Haryana,Hisar,125042,2,17
08-12-2025,Haryana,Hisar,125049,0,5
08-12-2025,Haryana,Hisar,125052,4,36
04-12-2025,Haryana,Hisar,125001,18,122
04-12-2025,Haryana,Hisar,125005,0,10
04-12-2025,Haryana,Hisar,125033,0,37
04-12-2025,Haryana,Hisar,125042,2,8
04-12-2025,Haryana,Hisar,125047,0,15
04-12-2025,Haryana,Hisar,125048,0,1
06-12-2025,Haryana,Hisar,125005,1,5
06-12-2025,Haryana,Hisar,125039,0,7
06-12-2025,Haryana,Hisar,125044,0,2
06-12-2025,Haryana,Hisar,125048,0,2
06-12-2025,Haryana,Hisar,125049,0,16
06-12-2025,Haryana,Hisar,125052,0,27
06-12-2025,Haryana,Hisar,125112,0,5
06-12-2025,Haryana,Hisar,125121,2,27
05-12-2025,Haryana,Hisar,125037,0,2
05-12-2025,Haryana,Hisar,125042,1,6
07-12-2025,Haryana,Hisar,125001,0,33
07-12-2025,Haryana,Hisar,125047,0,6
07-12-2025,Haryana,Hisar,125113,0,4
09-11-2025,Haryana,Hisar,125047,0,3
09-11-2025,Haryana,Hisar,125111,0,1
10-11-2025,Haryana,Hisar,125005,0,2
10-11-2025,Haryana,Hisar,125044,0,9
10-11-2025,Haryana,Hisar,125047,1,11
10-11-2025,Haryana,Hisar,125049,0,4
10-11-2025,Haryana,Hisar,125050,0,1
11-11-2025,Haryana,Hisar,125033,5,65
11-11-2025,Haryana,Hisar,125038,0,6
11-11-2025,Haryana,Hisar,125044,0,6
11-11-2025,Haryana,Hisar,125049,0,4
11-11-2025,Haryana,Hisar,125052,1,31
04-11-2025,Haryana,Hisar,125038,0,5
04-11-2025,Haryana,Hisar,125113,1,15
05-11-2025,Haryana,Hisar,125001,1,32
05-11-2025,Haryana,Hisar,125033,3,24
05-11-2025,Haryana,Hisar,125042,0,2
05-11-2025,Haryana,Hisar,125049,0,3
05-11-2025,Haryana,Hisar,125113,0,1
05-11-2025,Haryana,Hisar,125121,1,11
06-11-2025,Haryana,Hisar,125039,2,30
06-11-2025,Haryana,Hisar,125113,1,17
06-11-2025,Haryana,Hisar,125121,4,43
08-11-2025,Haryana,Hisar,125004,1,3
08-11-2025,Haryana,Hisar,125005,1,4
08-11-2025,Haryana,Hisar,125039,0,7
08-11-2025,Haryana,Hisar,125121,0,8
12-11-2025,Haryana,Hisar,125001,17,95
12-11-2025,Haryana,Hisar,125004,0,9
12-11-2025,Haryana,Hisar,125048,0,3
12-11-2025,Haryana,Hisar,125052,2,24
13-11-2025,Haryana,Hisar,125004,0,10
13-11-2025,Haryana,Hisar,125006,1,6
13-11-2025,Haryana,Hisar,125042,2,6
14-11-2025,Haryana,Hisar,125049,1,3
14-11-2025,Haryana,Hisar,125052,3,19
26-12-2025,Haryana,Hisar,125048,0,1
31-12-2025,Haryana,Hisar,125044,1,14
31-12-2025,Haryana,Hisar,125113,0,15
25-12-2025,Haryana,Hisar,125033,4,29
25-12-2025,Haryana,Hisar,125042,0,4
25-12-2025,Haryana,Hisar,125044,1,5
25-12-2025,Haryana,Hisar,125047,0,8
25-12-2025,Haryana,Hisar,125052,0,24
26-12-2025,Haryana,Hisar,125001,6,142
26-12-2025,Haryana,Hisar,125049,0,6
02-01-2026,Haryana,Hisar,125005,0,2
02-01-2026,Haryana,Hisar,125044,0,11
02-01-2026,Haryana,Hisar,125047,1,6
02-01-2026,Haryana,Hisar,125048,1,0
02-01-2026,Haryana,Hisar,125121,1,22
01-01-2026,Haryana,Hisar,125001,7,74
01-01-2026,Haryana,Hisar,125004,0,8
01-01-2026,Haryana,Hisar,125033,1,52
24-12-2025,Haryana,Hisar,125004,0,16
24-12-2025,Haryana,Hisar,125006,1,7
24-12-2025,Haryana,Hisar,125039,2,35
27-12-2025,Haryana,Hisar,125001,4,87
27-12-2025,Haryana,Hisar,125048,0,1
27-12-2025,Haryana,Hisar,125121,0,22
03-01-2026,Haryana,Hisar,125001,0,30
03-01-2026,Haryana,Hisar,125039,0,13
03-01-2026,Haryana,Hisar,125042,0,4
03-01-2026,Haryana,Hisar,125112,0,1
23-12-2025,Haryana,Hisar,125033,6,43
23-12-2025,Haryana,Hisar,125044,1,13
23-12-2025,Haryana,Hisar,125121,4,37
18-11-2025,Haryana,Hisar,125005,0,6
18-11-2025,Haryana,Hisar,125037,0,4
18-11-2025,Haryana,Hisar,125038,2,10
18-11-2025,Haryana,Hisar,125112,2,10
17-11-2025,Haryana,Hisar,125004,1,5
17-11-2025,Haryana,Hisar,125052,2,26
19-11-2025,Haryana,Hisar,125004,2,3
19-11-2025,Haryana,Hisar,125033,4,52
19-11-2025,Haryana,Hisar,125048,0,1
19-11-2025,Haryana,Hisar,125112,0,8
20-11-2025,Haryana,Hisar,125113,3,15
21-11-2025,Haryana,Hisar,125037,0,5
21-11-2025,Haryana,Hisar,125044,1,8
21-11-2025,Haryana,Hisar,125121,2,12
01-11-2025,Haryana,Hisar,125001,9,71
01-11-2025,Haryana,Hisar,125039,2,11
01-11-2025,Haryana,Hisar,125052,4,36
02-11-2025,Haryana,Hisar,125001,5,41
02-11-2025,Haryana,Hisar,125038,0,1
02-11-2025,Haryana,Hisar,125042,0,1
02-11-2025,Haryana,Hisar,125049,0,3
02-11-2025,Haryana,Hisar,125121,1,7
03-11-2025,Haryana,Hisar,125001,10,108
03-11-2025,Haryana,Hisar,125004,1,10
03-11-2025,Haryana,Hisar,125049,0,12
03-11-2025,Haryana,Hisar,125052,3,36
25-11-2025,Haryana,Hisar,125033,2,27
25-11-2025,Haryana,Hisar,125052,5,16
23-11-2025,Haryana,Hisar,125112,0,2
23-11-2025,Haryana,Hisar,125121,0,3
24-11-2025,Haryana,Hisar,125006,0,7
24-11-2025,Haryana,Hisar,125033,6,29
24-11-2025,Haryana,Hisar,125037,0,3
24-11-2025,Haryana,Hisar,125042,1,4
24-11-2025,Haryana,Hisar,125113,0,23
01-12-2025,Haryana,Hisar,125001,4,84
01-12-2025,Haryana,Hisar,125039,0,29
01-12-2025,Haryana,Hisar,125047,0,17
01-12-2025,Haryana,Hisar,125052,2,18
28-11-2025,Haryana,Hisar,125033,4,38
28-11-2025,Haryana,Hisar,125121,0,24
22-11-2025,Haryana,Hisar,125005,1,2
22-11-2025,Haryana,Hisar,125047,1,5
31-10-2025,Haryana,Hisar,125001,16,117
31-10-2025,Haryana,Hisar,125005,0,7
31-10-2025,Haryana,Hisar,125039,1,19
31-10-2025,Haryana,Hisar,125112,1,8
26-11-2025,Haryana,Hisar,125006,0,2
26-11-2025,Haryana,Hisar,125113,2,10
30-10-2025,Haryana,Hisar,125033,8,47
30-10-2025,Haryana,Hisar,125044,0,5
30-10-2025,Haryana,Hisar,125112,0,7
29-10-2025,Haryana,Hisar,125005,1,5
29-10-2025,Haryana,Hisar,125042,0,15
29-10-2025,Haryana,Hisar,125047,2,13
29-10-2025,Haryana,Hisar,125049,1,19
27-11-2025,Haryana,Hisar,125005,1,4
27-11-2025,Haryana,Hisar,125052,1,22
27-11-2025,Haryana,Hisar,125053,0,1
27-11-2025,Haryana,Hisar,125121,1,26
02-12-2025,Haryana,Hisar,125001,9,98
02-12-2025,Haryana,Hisar,125006,0,3
02-12-2025,Haryana,Hisar,125052,3,21
30-11-2025,Haryana,Hisar,125004,0,2
29-11-2025,Haryana,Hisar,125005,0,3
29-11-2025,Haryana,Hisar,125042,2,13
17-10-2025,Haryana,Hisar,125004,1,4
17-10-2025,Haryana,Hisar,125042,0,9
17-10-2025,Haryana,Hisar,125047,0,11
17-10-2025,Haryana,Hisar,125049,1,6
18-10-2025,Haryana,Hisar,125112,0,4
19-10-2025,Haryana,Hisar,125001,17,73
19-10-2025,Haryana,Hisar,125005,1,1
19-10-2025,Haryana,Hisar,125006,0,6
19-10-2025,Haryana,Hisar,125044,0,6
19-10-2025,Haryana,Hisar,125121,2,20
27-10-2025,Haryana,Hisar,125004,2,8
27-10-2025,Haryana,Hisar,125039,5,17
27-10-2025,Haryana,Hisar,125042,2,10
27-10-2025,Haryana,Hisar,125121,5,17
28-10-2025,Haryana,Hisar,125001,7,95
28-10-2025,Haryana,Hisar,125038,0,6
28-10-2025,Haryana,Hisar,125047,0,17
28-10-2025,Haryana,Hisar,125048,0,1
28-10-2025,Haryana,Hisar,125112,2,6
26-10-2025,Haryana,Hisar,125044,2,13
26-10-2025,Haryana,Hisar,125047,1,9
26-10-2025,Haryana,Hisar,125049,3,21
26-10-2025,Haryana,Hisar,125121,2,27
21-10-2025,Haryana,Hisar,125005,0,2
21-10-2025,Haryana,Hisar,125037,0,2
21-10-2025,Haryana,Hisar,125112,1,4
20-10-2025,Haryana,Hisar,125039,0,4
20-10-2025,Haryana,Hisar,125049,2,2
23-10-2025,Haryana,Hisar,125047,0,2
25-10-2025,Haryana,Hisar,125047,0,5
25-10-2025,Haryana,Hisar,125052,2,23
25-10-2025,Haryana,Hisar,125112,1,8
25-10-2025,Haryana,Hisar,125113,0,14
24-10-2025,Haryana,Hisar,125006,0,1
24-10-2025,Haryana,Hisar,125033,6,63
29-10-2025,Haryana,Hisar,125048,0,1
09-11-2025,Haryana,Hisar,125006,1,1
16-11-2025,Haryana,Hisar,125004,1,2
16-11-2025,Haryana,Hisar,125005,0,2
03-12-2025,Haryana,Hisar,125048,0,2
01-03-2025,Haryana,Hisar,125049,39,329
01-03-2025,Haryana,Hisar,125004,19,141
01-03-2025,Haryana,Hisar,125047,23,340
01-03-2025,Haryana,Hisar,125033,153,1539
01-03-2025,Haryana,Hisar,125001,365,2559
01-04-2025,Haryana,Hisar,125001,436,2741
01-03-2025,Haryana,Hisar,125006,10,113
01-05-2025,Haryana,Hisar,125052,80,552
01-06-2025,Haryana,Hisar,125039,51,643
01-06-2025,Haryana,Hisar,125001,314,2662
01-06-2025,Haryana,Hisar,125121,72,709
01-03-2025,Haryana,Hisar,125113,57,433
01-09-2025,Haryana,Hisar,125044,2,2
01-09-2025,Haryana,Hisar,125047,0,4
01-09-2025,Haryana,Hisar,125112,0,5
02-09-2025,Haryana,Hisar,125001,6,77
02-09-2025,Haryana,Hisar,125005,0,3
02-09-2025,Haryana,Hisar,125033,4,28
02-09-2025,Haryana,Hisar,125037,0,1
02-09-2025,Haryana,Hisar,125038,2,2
02-09-2025,Haryana,Hisar,125112,0,1
02-09-2025,Haryana,Hisar,125121,2,6
04-09-2025,Haryana,Hisar,125004,0,2
04-09-2025,Haryana,Hisar,125112,0,4
04-09-2025,Haryana,Hisar,125121,1,10
05-09-2025,Haryana,Hisar,125039,3,10
05-09-2025,Haryana,Hisar,125121,2,13
06-09-2025,Haryana,Hisar,125033,5,26
06-09-2025,Haryana,Hisar,125047,2,6
06-09-2025,Haryana,Hisar,125121,2,21
07-09-2025,Haryana,Hisar,125047,0,1
07-09-2025,Haryana,Hisar,125049,0,1
08-09-2025,Haryana,Hisar,125044,4,10
08-09-2025,Haryana,Hisar,125112,3,10
08-09-2025,Haryana,Hisar,125113,2,19
09-09-2025,Haryana,Hisar,125001,29,98
09-09-2025,Haryana,Hisar,125048,0,2
10-09-2025,Haryana,Hisar,125001,15,122
10-09-2025,Haryana,Hisar,125006,2,7
10-09-2025,Haryana,Hisar,125037,0,4
10-09-2025,Haryana,Hisar,125047,2,10
10-09-2025,Haryana,Hisar,125052,5,24
10-09-2025,Haryana,Hisar,125112,1,4
10-09-2025,Haryana,Hisar,125121,5,40
12-09-2025,Haryana,Hisar,125038,0,5
12-09-2025,Haryana,Hisar,125112,0,8
11-09-2025,Haryana,Hisar,125044,4,14
11-09-2025,Haryana,Hisar,125121,1,26
11-09-2025,Haryana,Hisar,127041,0,1
14-09-2025,Haryana,Hisar,125004,0,1
14-09-2025,Haryana,Hisar,125042,1,0
13-09-2025,Haryana,Hisar,125038,0,2
13-09-2025,Haryana,Hisar,125049,1,3
13-09-2025,Haryana,Hisar,125112,1,5
15-09-2025,Haryana,Hisar,125005,1,3
15-09-2025,Haryana,Hisar,125006,0,4
15-09-2025,Haryana,Hisar,125039,4,20
15-09-2025,Haryana,Hisar,125121,4,28
16-09-2025,Haryana,Hisar,125004,0,3
16-09-2025,Haryana,Hisar,125033,11,49
16-09-2025,Haryana,Hisar,125038,0,3
16-09-2025,Haryana,Hisar,125039,0,19
16-09-2025,Haryana,Hisar,125052,1,32
17-09-2025,Haryana,Hisar,125033,13,41
17-09-2025,Haryana,Hisar,125052,3,12
19-09-2025,Haryana,Hisar,125047,2,13
19-09-2025,Haryana,Hisar,125121,2,26
20-09-2025,Haryana,Hisar,125006,0,3
20-09-2025,Haryana,Hisar,125037,0,2
20-09-2025,Haryana,Hisar,125039,2,11
20-09-2025,Haryana,Hisar,125049,1,17
13-10-2025,Haryana,Hisar,125006,0,4
13-10-2025,Haryana,Hisar,125038,1,5
13-10-2025,Haryana,Hisar,125044,0,2
15-10-2025,Haryana,Hisar,125001,17,118
15-10-2025,Haryana,Hisar,125042,0,10
16-10-2025,Haryana,Hisar,125004,6,9
12-12-2025,Haryana,Hisar,125004,0,8
12-12-2025,Haryana,Hisar,125038,2,4
12-12-2025,Haryana,Hisar,125039,2,32
12-12-2025,Haryana,Hisar,125047,1,15
12-12-2025,Haryana,Hisar,125121,0,34
05-12-2025,Haryana,Hisar,125001,11,111
05-12-2025,Haryana,Hisar,125004,0,9
06-12-2025,Haryana,Hisar,125050,0,1
07-12-2025,Haryana,Hisar,125039,1,7
07-12-2025,Haryana,Hisar,125049,2,5
04-12-2025,Haryana,Hisar,125006,0,2
04-12-2025,Haryana,Hisar,125037,0,2
03-12-2025,Haryana,Hisar,125121,0,36
04-11-2025,Haryana,Hisar,125006,0,3
04-11-2025,Haryana,Hisar,125033,3,61
04-11-2025,Haryana,Hisar,125044,1,12
04-11-2025,Haryana,Hisar,125048,0,2
04-11-2025,Haryana,Hisar,125112,0,6
06-11-2025,Haryana,Hisar,125038,0,2
06-11-2025,Haryana,Hisar,125044,1,14
06-11-2025,Haryana,Hisar,125047,1,9
05-11-2025,Haryana,Hisar,125006,0,1
05-11-2025,Haryana,Hisar,125044,0,1
05-11-2025,Haryana,Hisar,125047,0,3
05-11-2025,Haryana,Hisar,125048,0,1
21-12-2025,Haryana,Hisar,125042,0,2
29-12-2025,Haryana,Hisar,125001,11,114
29-12-2025,Haryana,Hisar,125049,0,7
31-12-2025,Haryana,Hisar,125004,0,4
31-12-2025,Haryana,Hisar,125005,0,8
31-12-2025,Haryana,Hisar,125033,4,53
31-12-2025,Haryana,Hisar,125037,1,5
31-12-2025,Haryana,Hisar,125038,0,8
31-12-2025,Haryana,Hisar,125049,1,14
02-01-2026,Haryana,Hisar,125037,1,2
02-01-2026,Haryana,Hisar,125112,1,8
25-12-2025,Haryana,Hisar,125037,0,2
28-12-2025,Haryana,Hisar,125037,1,1
28-12-2025,Haryana,Hisar,125039,3,11
28-12-2025,Haryana,Hisar,125042,0,6
28-12-2025,Haryana,Hisar,125121,2,14
01-01-2026,Haryana,Hisar,125006,0,2
01-01-2026,Haryana,Hisar,125038,0,4
01-01-2026,Haryana,Hisar,125044,0,7
01-01-2026,Haryana,Hisar,125112,0,1
03-01-2026,Haryana,Hisar,125006,0,4
03-01-2026,Haryana,Hisar,125044,0,3
03-01-2026,Haryana,Hisar,125113,1,3
03-01-2026,Haryana,Hisar,125121,1,9
23-12-2025,Haryana,Hisar,125001,17,147
23-12-2025,Haryana,Hisar,125113,0,23
25-12-2025,Haryana,Hisar,125001,2,38
25-12-2025,Haryana,Hisar,125005,2,0
25-12-2025,Haryana,Hisar,125039,2,7
24-12-2025,Haryana,Hisar,125044,1,9
24-12-2025,Haryana,Hisar,125048,0,1
24-12-2025,Haryana,Hisar,125049,0,15
26-12-2025,Haryana,Hisar,125004,0,6
26-12-2025,Haryana,Hisar,125033,4,57
26-12-2025,Haryana,Hisar,125113,3,23
27-12-2025,Haryana,Hisar,125004,0,1
27-12-2025,Haryana,Hisar,125006,1,7
27-12-2025,Haryana,Hisar,125038,0,1
27-12-2025,Haryana,Hisar,125042,1,20
27-12-2025,Haryana,Hisar,125052,2,22
27-12-2025,Haryana,Hisar,125112,0,7
14-12-2025,Haryana,Hisar,125112,2,3
19-12-2025,Haryana,Hisar,125037,0,2
18-12-2025,Haryana,Hisar,125047,1,21
18-12-2025,Haryana,Hisar,125048,0,1
18-12-2025,Haryana,Hisar,125112,0,9
19-12-2025,Haryana,Hisar,125033,1,55
19-12-2025,Haryana,Hisar,125049,1,5
19-12-2025,Haryana,Hisar,125052,1,42
20-12-2025,Haryana,Hisar,125042,0,12
21-12-2025,Haryana,Hisar,125113,0,3
22-12-2025,Haryana,Hisar,125006,0,5
22-12-2025,Haryana,Hisar,125037,0,4
22-12-2025,Haryana,Hisar,125038,1,4
22-12-2025,Haryana,Hisar,125048,0,1
13-12-2025,Haryana,Hisar,125001,7,71
13-12-2025,Haryana,Hisar,125005,0,2
13-12-2025,Haryana,Hisar,125039,3,18
13-12-2025,Haryana,Hisar,125113,0,11
15-12-2025,Haryana,Hisar,125044,0,7
15-12-2025,Haryana,Hisar,125048,0,1
15-12-2025,Haryana,Hisar,125113,0,12
14-12-2025,Haryana,Hisar,125001,1,30
14-12-2025,Haryana,Hisar,125047,1,2
16-12-2025,Haryana,Hisar,125037,0,1
16-12-2025,Haryana,Hisar,125039,3,19
16-12-2025,Haryana,Hisar,125047,0,19
16-12-2025,Haryana,Hisar,125121,2,35
08-12-2025,Haryana,Hisar,125006,1,2
08-12-2025,Haryana,Hisar,125037,0,4
08-12-2025,Haryana,Hisar,125121,4,39
09-12-2025,Haryana,Hisar,125047,2,13
09-12-2025,Haryana,Hisar,125052,0,30
10-12-2025,Haryana,Hisar,125047,2,17
10-12-2025,Haryana,Hisar,125048,0,4
11-12-2025,Haryana,Hisar,125039,6,36
09-11-2025,Haryana,Hisar,125033,0,2
09-11-2025,Haryana,Hisar,125042,0,3
09-11-2025,Haryana,Hisar,125112,1,0
09-11-2025,Haryana,Hisar,125113,0,1
10-11-2025,Haryana,Hisar,125112,0,10
15-11-2025,Haryana,Hisar,125005,1,16
15-11-2025,Haryana,Hisar,125050,0,2
15-11-2025,Haryana,Hisar,125121,2,13
16-11-2025,Haryana,Hisar,125033,1,5
16-11-2025,Haryana,Hisar,125042,0,2
16-11-2025,Haryana,Hisar,125044,0,2
16-11-2025,Haryana,Hisar,125112,0,3
16-11-2025,Haryana,Hisar,125121,0,1
19-11-2025,Haryana,Hisar,125038,0,4
19-11-2025,Haryana,Hisar,125044,0,12
19-11-2025,Haryana,Hisar,125047,2,12
19-11-2025,Haryana,Hisar,125113,2,12
19-11-2025,Haryana,Hisar,125121,0,26
07-11-2025,Haryana,Hisar,125038,0,4
07-11-2025,Haryana,Hisar,125044,0,10
08-11-2025,Haryana,Hisar,125006,3,3
08-11-2025,Haryana,Hisar,125044,1,7
08-11-2025,Haryana,Hisar,125049,1,22
08-11-2025,Haryana,Hisar,125050,0,2
14-11-2025,Haryana,Hisar,125053,0,2
14-11-2025,Haryana,Hisar,125121,3,23
20-11-2025,Haryana,Hisar,125037,0,9
20-11-2025,Haryana,Hisar,125039,0,25
20-11-2025,Haryana,Hisar,125042,0,8
20-11-2025,Haryana,Hisar,125048,0,1
20-11-2025,Haryana,Hisar,125049,0,9
20-11-2025,Haryana,Hisar,125052,2,26
20-11-2025,Haryana,Hisar,125055,0,1
21-11-2025,Haryana,Hisar,125001,8,99
21-11-2025,Haryana,Hisar,125038,0,3
21-11-2025,Haryana,Hisar,125049,0,3
21-11-2025,Haryana,Hisar,125112,0,8
11-11-2025,Haryana,Hisar,125037,0,3
11-11-2025,Haryana,Hisar,125050,0,1
11-11-2025,Haryana,Hisar,125112,0,13
11-11-2025,Haryana,Hisar,125121,5,30
13-11-2025,Haryana,Hisar,125033,3,50
13-11-2025,Haryana,Hisar,125113,2,17
12-11-2025,Haryana,Hisar,125033,3,58
12-11-2025,Haryana,Hisar,125049,0,9
12-11-2025,Haryana,Hisar,125112,0,7
12-11-2025,Haryana,Hisar,125113,0,16
12-11-2025,Haryana,Hisar,125121,3,23
18-11-2025,Haryana,Hisar,125006,0,6
17-11-2025,Haryana,Hisar,125039,0,20
17-11-2025,Haryana,Hisar,125112,0,11
03-11-2025,Haryana,Hisar,125042,3,6
03-11-2025,Haryana,Hisar,125044,2,11
03-11-2025,Haryana,Hisar,125113,8,24
03-11-2025,Haryana,Hisar,125121,4,29
22-11-2025,Haryana,Hisar,125001,11,61
22-11-2025,Haryana,Hisar,125038,1,1
22-11-2025,Haryana,Hisar,125044,1,11
31-10-2025,Haryana,Hisar,125033,4,63
31-10-2025,Haryana,Hisar,125048,0,3
31-10-2025,Haryana,Hisar,125049,0,17
25-11-2025,Haryana,Hisar,125001,14,108
25-11-2025,Haryana,Hisar,125005,0,9
25-11-2025,Haryana,Hisar,125042,2,8
25-11-2025,Haryana,Hisar,125044,1,3
25-11-2025,Haryana,Hisar,125048,0,1
25-11-2025,Haryana,Hisar,125113,0,9
25-11-2025,Haryana,Hisar,125121,4,20
01-11-2025,Haryana,Hisar,125004,0,3
01-11-2025,Haryana,Hisar,125053,0,1
02-11-2025,Haryana,Hisar,125113,0,2
30-10-2025,Haryana,Hisar,125006,0,3
30-10-2025,Haryana,Hisar,125037,0,1
30-10-2025,Haryana,Hisar,125039,5,26
30-10-2025,Haryana,Hisar,125047,0,13
30-10-2025,Haryana,Hisar,125049,4,19
30-10-2025,Haryana,Hisar,125113,3,24
30-10-2025,Haryana,Hisar,125121,2,36
23-11-2025,Haryana,Hisar,125044,0,3
23-11-2025,Haryana,Hisar,125047,0,1
24-11-2025,Haryana,Hisar,125005,1,7
24-11-2025,Haryana,Hisar,125112,1,4
26-11-2025,Haryana,Hisar,125033,1,40
26-11-2025,Haryana,Hisar,125037,0,3
26-11-2025,Haryana,Hisar,125047,2,21
26-11-2025,Haryana,Hisar,125049,2,13
26-11-2025,Haryana,Hisar,125121,1,17
01-12-2025,Haryana,Hisar,125121,1,31
27-11-2025,Haryana,Hisar,125004,0,7
27-11-2025,Haryana,Hisar,125033,4,39
27-11-2025,Haryana,Hisar,125037,1,6
27-11-2025,Haryana,Hisar,125039,1,21
27-11-2025,Haryana,Hisar,125042,0,6
27-11-2025,Haryana,Hisar,125044,0,11
27-11-2025,Haryana,Hisar,125048,0,1
02-12-2025,Haryana,Hisar,125042,0,8
02-12-2025,Haryana,Hisar,125113,3,23
02-12-2025,Haryana,Hisar,125121,1,34
28-11-2025,Haryana,Hisar,125004,2,3
28-11-2025,Haryana,Hisar,125006,0,7
28-11-2025,Haryana,Hisar,125044,1,10
30-11-2025,Haryana,Hisar,125001,2,18
30-11-2025,Haryana,Hisar,125037,0,1
30-11-2025,Haryana,Hisar,125038,0,2
30-11-2025,Haryana,Hisar,125047,0,1
29-11-2025,Haryana,Hisar,125004,0,4
29-11-2025,Haryana,Hisar,125038,0,3
29-11-2025,Haryana,Hisar,125047,0,5
29-11-2025,Haryana,Hisar,125050,0,1
29-11-2025,Haryana,Hisar,125112,0,4
01-03-2025,Haryana,Hisar,125042,21,310
01-04-2025,Haryana,Hisar,125044,58,272
01-03-2025,Haryana,Hisar,125121,70,879
01-06-2025,Haryana,Hisar,125033,142,1204
01-07-2025,Haryana,Hisar,125033,159,1346
01-09-2025,Haryana,Hisar,125005,1,4
01-09-2025,Haryana,Hisar,125039,4,26
02-09-2025,Haryana,Hisar,125042,1,2
02-09-2025,Haryana,Hisar,125050,0,1
02-09-2025,Haryana,Hisar,125052,3,24
04-09-2025,Haryana,Hisar,125005,0,4
04-09-2025,Haryana,Hisar,125044,3,6
04-09-2025,Haryana,Hisar,125052,1,15
04-09-2025,Haryana,Hisar,125053,0,1
04-09-2025,Haryana,Hisar,125113,2,13
03-09-2025,Haryana,Hisar,125005,0,5
03-09-2025,Haryana,Hisar,125006,0,3
03-09-2025,Haryana,Hisar,125033,3,32
03-09-2025,Haryana,Hisar,125052,4,20
03-09-2025,Haryana,Hisar,125053,0,1
05-09-2025,Haryana,Hisar,125001,25,107
05-09-2025,Haryana,Hisar,125052,3,17
05-09-2025,Haryana,Hisar,125113,1,14
08-09-2025,Haryana,Hisar,125001,28,108
08-09-2025,Haryana,Hisar,125047,0,9
08-09-2025,Haryana,Hisar,125049,0,8
06-09-2025,Haryana,Hisar,125006,1,5
06-09-2025,Haryana,Hisar,125037,0,1
06-09-2025,Haryana,Hisar,125042,3,3
06-09-2025,Haryana,Hisar,125052,2,11
07-09-2025,Haryana,Hisar,125006,0,2
07-09-2025,Haryana,Hisar,125044,0,0
07-09-2025,Haryana,Hisar,125052,1,5
07-09-2025,Haryana,Hisar,125112,0,1
07-09-2025,Haryana,Hisar,125113,0,1
09-09-2025,Haryana,Hisar,125004,1,4
09-09-2025,Haryana,Hisar,125121,3,48
10-09-2025,Haryana,Hisar,125005,2,3
10-09-2025,Haryana,Hisar,125033,7,50
10-09-2025,Haryana,Hisar,125039,4,17
10-09-2025,Haryana,Hisar,125044,0,5
11-09-2025,Haryana,Hisar,125033,5,44
11-09-2025,Haryana,Hisar,125049,1,2
11-09-2025,Haryana,Hisar,125113,0,8
13-09-2025,Haryana,Hisar,125039,2,10
13-09-2025,Haryana,Hisar,125113,0,5
12-09-2025,Haryana,Hisar,125004,3,10
12-09-2025,Haryana,Hisar,125039,0,19
12-09-2025,Haryana,Hisar,125047,2,8
12-09-2025,Haryana,Hisar,125121,4,24
14-09-2025,Haryana,Hisar,125001,8,28
14-09-2025,Haryana,Hisar,125005,2,1
14-09-2025,Haryana,Hisar,125047,1,1
14-09-2025,Haryana,Hisar,125113,0,2
14-09-2025,Haryana,Hisar,125121,0,4
15-09-2025,Haryana,Hisar,125004,1,2
15-09-2025,Haryana,Hisar,125112,1,13
16-09-2025,Haryana,Hisar,125042,1,5
16-09-2025,Haryana,Hisar,125049,1,5
16-09-2025,Haryana,Hisar,125112,1,10
17-09-2025,Haryana,Hisar,125038,0,3
17-09-2025,Haryana,Hisar,125044,0,7
17-09-2025,Haryana,Hisar,125049,1,3
17-09-2025,Haryana,Hisar,125050,0,2
17-09-2025,Haryana,Hisar,125113,4,17
18-09-2025,Haryana,Hisar,125006,0,4
18-09-2025,Haryana,Hisar,125039,1,14
18-09-2025,Haryana,Hisar,125048,0,1
19-09-2025,Haryana,Hisar,125033,6,54
19-09-2025,Haryana,Hisar,125044,0,6
19-09-2025,Haryana,Hisar,125052,5,14
13-10-2025,Haryana,Hisar,125005,0,1
13-10-2025,Haryana,Hisar,125033,1,29
13-10-2025,Haryana,Hisar,125042,0,1
13-10-2025,Haryana,Hisar,125047,0,7
20-09-2025,Haryana,Hisar,125047,0,5
20-09-2025,Haryana,Hisar,125112,0,1
15-10-2025,Haryana,Hisar,125037,0,1
15-10-2025,Haryana,Hisar,125039,2,26
15-10-2025,Haryana,Hisar,125121,5,37
16-10-2025,Haryana,Hisar,125005,0,5
16-10-2025,Haryana,Hisar,125037,0,3
16-10-2025,Haryana,Hisar,125044,2,7
16-10-2025,Haryana,Hisar,125112,0,11
17-10-2025,Haryana,Hisar,125033,1,48
17-10-2025,Haryana,Hisar,125039,1,19
17-10-2025,Haryana,Hisar,125113,2,20
26-10-2025,Haryana,Hisar,125001,11,96
26-10-2025,Haryana,Hisar,125004,0,3
26-10-2025,Haryana,Hisar,125005,0,5
26-10-2025,Haryana,Hisar,125033,5,60
26-10-2025,Haryana,Hisar,125039,1,32
26-10-2025,Haryana,Hisar,125112,1,10
26-10-2025,Haryana,Hisar,125113,2,5
18-10-2025,Haryana,Hisar,125001,14,58
18-10-2025,Haryana,Hisar,125004,5,1
18-10-2025,Haryana,Hisar,125038,1,15
18-10-2025,Haryana,Hisar,125047,1,14
18-10-2025,Haryana,Hisar,125049,0,8
19-10-2025,Haryana,Hisar,125037,0,1
19-10-2025,Haryana,Hisar,125039,4,11
19-10-2025,Haryana,Hisar,125112,0,3
21-10-2025,Haryana,Hisar,125001,5,22
21-10-2025,Haryana,Hisar,125039,1,9
21-10-2025,Haryana,Hisar,125047,0,2
21-10-2025,Haryana,Hisar,125049,1,0
21-10-2025,Haryana,Hisar,125121,1,7
20-10-2025,Haryana,Hisar,125005,0,1
20-10-2025,Haryana,Hisar,125037,1,0
20-10-2025,Haryana,Hisar,125047,2,1
20-10-2025,Haryana,Hisar,125121,1,10
23-10-2025,Haryana,Hisar,125039,0,1
23-10-2025,Haryana,Hisar,125049,0,1
23-10-2025,Haryana,Hisar,125052,0,3
23-10-2025,Haryana,Hisar,125121,1,1
25-10-2025,Haryana,Hisar,125004,1,9
25-10-2025,Haryana,Hisar,125033,3,52
25-10-2025,Haryana,Hisar,125039,4,32
24-10-2025,Haryana,Hisar,125049,1,8
27-10-2025,Haryana,Hisar,125049,1,8
28-10-2025,Haryana,Hisar,125004,0,2
28-10-2025,Haryana,Hisar,125037,1,5
28-10-2025,Haryana,Hisar,125053,0,3
28-10-2025,Haryana,Hisar,125113,1,11
31-10-2025,Haryana,Hisar,125050,0,1
09-11-2025,Haryana,Hisar,125037,0,1
10-11-2025,Haryana,Hisar,125048,0,1
14-11-2025,Haryana,Hisar,125048,0,1
16-11-2025,Haryana,Hisar,125038,0,1
14-12-2025,Haryana,Hisar,125004,0,4
14-12-2025,Haryana,Hisar,125048,0,1
20-12-2025,Haryana,Hisar,127041,0,1
25-11-2025,Haryana,Hisar,125037,1,2
31-12-2025,Haryana,Hisar,125042,0,7
31-12-2025,Haryana,Hisar,125047,0,10
28-12-2025,Haryana,Hisar,125004,0,7
28-12-2025,Haryana,Hisar,125005,2,2
28-12-2025,Haryana,Hisar,125044,0,3
28-12-2025,Haryana,Hisar,125047,1,7
28-12-2025,Haryana,Hisar,125052,1,24
29-12-2025,Haryana,Hisar,125037,0,6
29-12-2025,Haryana,Hisar,125042,1,5
29-12-2025,Haryana,Hisar,125121,0,29
01-01-2026,Haryana,Hisar,125037,0,3
01-01-2026,Haryana,Hisar,125047,2,9
01-01-2026,Haryana,Hisar,125052,1,26
01-01-2026,Haryana,Hisar,125113,0,11
03-01-2026,Haryana,Hisar,125005,0,1
03-01-2026,Haryana,Hisar,125033,1,10
03-01-2026,Haryana,Hisar,125038,0,1
02-01-2026,Haryana,Hisar,125033,4,31
02-01-2026,Haryana,Hisar,125039,0,18
24-12-2025,Haryana,Hisar,125001,12,144
24-12-2025,Haryana,Hisar,125005,0,10
24-12-2025,Haryana,Hisar,125033,1,51
24-12-2025,Haryana,Hisar,125038,1,7
24-12-2025,Haryana,Hisar,125042,1,12
24-12-2025,Haryana,Hisar,125047,1,14
24-12-2025,Haryana,Hisar,125112,1,7
23-12-2025,Haryana,Hisar,125037,0,1
23-12-2025,Haryana,Hisar,125042,1,6
23-12-2025,Haryana,Hisar,125047,1,20
23-12-2025,Haryana,Hisar,125112,0,13
25-12-2025,Haryana,Hisar,125006,0,2
25-12-2025,Haryana,Hisar,125049,0,5
25-12-2025,Haryana,Hisar,125113,1,7
25-12-2025,Haryana,Hisar,125121,0,14
18-12-2025,Haryana,Hisar,125005,0,5
18-12-2025,Haryana,Hisar,125006,1,9
18-12-2025,Haryana,Hisar,125037,1,5
18-12-2025,Haryana,Hisar,125050,0,1
21-12-2025,Haryana,Hisar,125033,1,9
21-12-2025,Haryana,Hisar,125038,0,1
21-12-2025,Haryana,Hisar,125049,0,2
21-12-2025,Haryana,Hisar,125052,0,5
26-12-2025,Haryana,Hisar,125005,1,1
26-12-2025,Haryana,Hisar,125006,0,13
26-12-2025,Haryana,Hisar,125047,0,9
26-12-2025,Haryana,Hisar,125052,2,26
27-12-2025,Haryana,Hisar,125033,2,29
27-12-2025,Haryana,Hisar,125037,0,1
20-12-2025,Haryana,Hisar,125005,0,5
20-12-2025,Haryana,Hisar,125006,1,4
20-12-2025,Haryana,Hisar,125037,1,3
20-12-2025,Haryana,Hisar,125049,1,10
20-12-2025,Haryana,Hisar,125112,1,3
20-12-2025,Haryana,Hisar,125121,2,22
22-12-2025,Haryana,Hisar,125049,3,7
22-12-2025,Haryana,Hisar,125112,0,9
13-12-2025,Haryana,Hisar,125004,0,1
13-12-2025,Haryana,Hisar,125042,1,8
17-12-2025,Haryana,Hisar,125004,0,5
17-12-2025,Haryana,Hisar,125038,0,9
17-12-2025,Haryana,Hisar,125039,0,23
17-12-2025,Haryana,Hisar,125042,2,11
17-12-2025,Haryana,Hisar,125047,1,18
10-12-2025,Haryana,Hisar,125038,0,3
10-12-2025,Haryana,Hisar,125044,0,10
10-12-2025,Haryana,Hisar,125052,4,32
10-12-2025,Haryana,Hisar,125112,1,12
10-12-2025,Haryana,Hisar,125113,0,13
10-12-2025,Haryana,Hisar,125121,1,35
11-12-2025,Haryana,Hisar,125052,2,20
11-12-2025,Haryana,Hisar,125053,0,1
11-12-2025,Haryana,Hisar,125121,0,21
11-12-2025,Haryana,Hisar,127041,0,1
16-12-2025,Haryana,Hisar,125001,3,136
16-12-2025,Haryana,Hisar,125004,3,14
16-12-2025,Haryana,Hisar,125044,0,10
16-12-2025,Haryana,Hisar,125113,4,29
09-12-2025,Haryana,Hisar,125001,7,128
09-12-2025,Haryana,Hisar,125006,1,0
09-12-2025,Haryana,Hisar,125042,0,9
09-12-2025,Haryana,Hisar,125044,0,5
09-12-2025,Haryana,Hisar,125113,1,28
03-12-2025,Haryana,Hisar,125001,12,113
03-12-2025,Haryana,Hisar,125033,4,21
03-12-2025,Haryana,Hisar,125042,2,8
03-12-2025,Haryana,Hisar,125112,0,4
03-12-2025,Haryana,Hisar,125113,0,10
04-12-2025,Haryana,Hisar,125039,1,4
04-12-2025,Haryana,Hisar,125044,0,6
04-12-2025,Haryana,Hisar,125050,0,1
04-12-2025,Haryana,Hisar,125052,0,26
04-12-2025,Haryana,Hisar,125112,0,4
04-12-2025,Haryana,Hisar,125121,1,34
05-12-2025,Haryana,Hisar,125005,0,4
05-12-2025,Haryana,Hisar,125047,2,11
05-12-2025,Haryana,Hisar,125049,1,7
05-12-2025,Haryana,Hisar,125050,0,4
07-12-2025,Haryana,Hisar,125042,1,8
07-12-2025,Haryana,Hisar,125044,0,1
06-12-2025,Haryana,Hisar,125038,0,3
06-12-2025,Haryana,Hisar,125047,0,16
06-12-2025,Haryana,Hisar,125113,0,3
15-12-2025,Haryana,Hisar,125001,10,130
15-12-2025,Haryana,Hisar,125005,1,7
15-12-2025,Haryana,Hisar,125033,6,48
15-12-2025,Haryana,Hisar,125039,1,32
14-12-2025,Haryana,Hisar,125052,0,4
08-12-2025,Haryana,Hisar,125001,14,122
08-12-2025,Haryana,Hisar,125005,0,9
08-12-2025,Haryana,Hisar,125033,5,57
08-12-2025,Haryana,Hisar,125038,1,5
08-12-2025,Haryana,Hisar,125044,0,3
08-12-2025,Haryana,Hisar,125047,0,12
08-12-2025,Haryana,Hisar,125048,0,1
08-12-2025,Haryana,Hisar,125112,1,8
08-12-2025,Haryana,Hisar,125113,0,22
12-12-2025,Haryana,Hisar,125037,0,4
12-12-2025,Haryana,Hisar,125044,0,9
12-12-2025,Haryana,Hisar,125049,2,7
12-12-2025,Haryana,Hisar,125112,0,11
12-12-2025,Haryana,Hisar,125113,1,18
10-11-2025,Haryana,Hisar,125001,15,105
10-11-2025,Haryana,Hisar,125033,2,49
10-11-2025,Haryana,Hisar,125037,1,5
09-11-2025,Haryana,Hisar,125005,0,1
09-11-2025,Haryana,Hisar,125049,0,6
09-11-2025,Haryana,Hisar,125052,0,2
11-11-2025,Haryana,Hisar,125039,3,14
13-11-2025,Haryana,Hisar,125005,2,5
13-11-2025,Haryana,Hisar,125039,3,25
13-11-2025,Haryana,Hisar,125044,2,5
13-11-2025,Haryana,Hisar,125050,0,2
13-11-2025,Haryana,Hisar,125052,2,24
13-11-2025,Haryana,Hisar,125112,1,5
12-11-2025,Haryana,Hisar,125006,0,2
12-11-2025,Haryana,Hisar,125047,0,12
14-11-2025,Haryana,Hisar,125037,0,4
18-11-2025,Haryana,Hisar,125004,1,7
18-11-2025,Haryana,Hisar,125039,0,26
17-11-2025,Haryana,Hisar,125044,4,12
17-11-2025,Haryana,Hisar,125049,2,8
04-11-2025,Haryana,Hisar,125047,0,14
04-11-2025,Haryana,Hisar,125121,1,49
06-11-2025,Haryana,Hisar,125033,1,51
05-11-2025,Haryana,Hisar,125112,0,2
07-11-2025,Haryana,Hisar,125006,1,6
07-11-2025,Haryana,Hisar,125039,1,24
07-11-2025,Haryana,Hisar,125052,2,36
07-11-2025,Haryana,Hisar,125113,1,17
08-11-2025,Haryana,Hisar,125033,3,31
08-11-2025,Haryana,Hisar,125048,0,1
08-11-2025,Haryana,Hisar,125113,1,1
15-11-2025,Haryana,Hisar,125038,1,3
15-11-2025,Haryana,Hisar,125052,4,16
16-11-2025,Haryana,Hisar,125001,8,20
16-11-2025,Haryana,Hisar,125006,2,2
16-11-2025,Haryana,Hisar,125047,0,1
19-11-2025,Haryana,Hisar,125005,0,5
19-11-2025,Haryana,Hisar,125049,0,4
21-11-2025,Haryana,Hisar,125042,0,6
20-11-2025,Haryana,Hisar,125044,1,7
01-11-2025,Haryana,Hisar,125033,5,34
01-11-2025,Haryana,Hisar,125044,0,5
01-11-2025,Haryana,Hisar,125047,0,7
01-11-2025,Haryana,Hisar,125048,0,3
01-11-2025,Haryana,Hisar,125049,1,10
01-11-2025,Haryana,Hisar,125112,0,4
01-11-2025,Haryana,Hisar,125113,0,3
02-11-2025,Haryana,Hisar,125006,0,1
02-11-2025,Haryana,Hisar,125039,0,4
02-11-2025,Haryana,Hisar,125044,6,7
02-11-2025,Haryana,Hisar,125052,3,7
02-11-2025,Haryana,Hisar,125112,0,2
29-10-2025,Haryana,Hisar,125033,4,81
29-10-2025,Haryana,Hisar,125038,0,7
29-10-2025,Haryana,Hisar,125050,0,1
29-10-2025,Haryana,Hisar,125052,5,30
29-10-2025,Haryana,Hisar,125121,8,20
03-11-2025,Haryana,Hisar,125033,9,64
03-11-2025,Haryana,Hisar,125047,1,5
03-11-2025,Haryana,Hisar,125048,1,1
30-10-2025,Haryana,Hisar,125001,10,142
22-11-2025,Haryana,Hisar,125006,1,1
22-11-2025,Haryana,Hisar,125033,3,28
22-11-2025,Haryana,Hisar,125037,0,3
22-11-2025,Haryana,Hisar,125049,2,15
23-11-2025,Haryana,Hisar,125039,0,3
24-11-2025,Haryana,Hisar,125039,2,15
24-11-2025,Haryana,Hisar,125047,2,19
24-11-2025,Haryana,Hisar,125049,0,7
24-11-2025,Haryana,Hisar,125052,1,23
31-10-2025,Haryana,Hisar,125004,0,6
31-10-2025,Haryana,Hisar,125121,4,29
30-11-2025,Haryana,Hisar,125005,0,1
30-11-2025,Haryana,Hisar,125006,1,1
30-11-2025,Haryana,Hisar,125113,0,4
30-11-2025,Haryana,Hisar,125121,0,5
29-11-2025,Haryana,Hisar,125001,2,73
29-11-2025,Haryana,Hisar,125044,0,6
29-11-2025,Haryana,Hisar,125049,2,12
25-11-2025,Haryana,Hisar,125038,0,5
25-11-2025,Haryana,Hisar,125047,0,9
25-11-2025,Haryana,Hisar,125112,0,4
27-11-2025,Haryana,Hisar,125047,2,22
27-11-2025,Haryana,Hisar,125050,0,1
02-12-2025,Haryana,Hisar,125037,0,2
02-12-2025,Haryana,Hisar,125044,1,11
02-12-2025,Haryana,Hisar,125047,0,9
02-12-2025,Haryana,Hisar,125112,0,8
26-11-2025,Haryana,Hisar,125004,0,17
26-11-2025,Haryana,Hisar,125052,2,27
01-12-2025,Haryana,Hisar,125006,0,7
01-12-2025,Haryana,Hisar,125038,0,3
01-12-2025,Haryana,Hisar,125042,2,2
01-12-2025,Haryana,Hisar,125112,1,10
28-11-2025,Haryana,Hisar,125001,14,123
28-11-2025,Haryana,Hisar,125049,0,5
28-11-2025,Haryana,Hisar,125112,0,12
01-03-2025,Haryana,Hisar,125044,30,275
01-05-2025,Haryana,Hisar,125004,31,187
01-07-2025,Haryana,Hisar,125001,474,3282
01-09-2025,Haryana,Hisar,125006,0,3
01-09-2025,Haryana,Hisar,125042,0,3
01-09-2025,Haryana,Hisar,125052,4,25
02-09-2025,Haryana,Hisar,125044,4,11
02-09-2025,Haryana,Hisar,125047,1,9
02-09-2025,Haryana,Hisar,125055,0,1
04-09-2025,Haryana,Hisar,125038,0,6
04-09-2025,Haryana,Hisar,125039,4,21
04-09-2025,Haryana,Hisar,125047,1,8
03-09-2025,Haryana,Hisar,125004,0,4
03-09-2025,Haryana,Hisar,125038,0,3
03-09-2025,Haryana,Hisar,125047,2,11
03-09-2025,Haryana,Hisar,125113,2,11
03-09-2025,Haryana,Hisar,125121,1,7
05-09-2025,Haryana,Hisar,125004,0,16
05-09-2025,Haryana,Hisar,125033,3,34
05-09-2025,Haryana,Hisar,125038,0,4
05-09-2025,Haryana,Hisar,125049,1,4
06-09-2025,Haryana,Hisar,125001,16,77
06-09-2025,Haryana,Hisar,125005,0,4
06-09-2025,Haryana,Hisar,125039,3,11
07-09-2025,Haryana,Hisar,125001,2,23
07-09-2025,Haryana,Hisar,125005,0,2
07-09-2025,Haryana,Hisar,125033,1,8
07-09-2025,Haryana,Hisar,125037,0,1
07-09-2025,Haryana,Hisar,125039,0,6
07-09-2025,Haryana,Hisar,125121,0,3
08-09-2025,Haryana,Hisar,125006,0,4
08-09-2025,Haryana,Hisar,125038,0,4
08-09-2025,Haryana,Hisar,125048,0,1
09-09-2025,Haryana,Hisar,125006,1,6
09-09-2025,Haryana,Hisar,125044,0,8
09-09-2025,Haryana,Hisar,125052,4,21
10-09-2025,Haryana,Hisar,125113,2,15
12-09-2025,Haryana,Hisar,125006,1,7
12-09-2025,Haryana,Hisar,125042,2,7
11-09-2025,Haryana,Hisar,125005,2,1
14-09-2025,Haryana,Hisar,125037,0,2
14-09-2025,Haryana,Hisar,125044,1,6
14-09-2025,Haryana,Hisar,125049,1,1
13-09-2025,Haryana,Hisar,125004,0,12
13-09-2025,Haryana,Hisar,125006,0,4
13-09-2025,Haryana,Hisar,125044,2,3
13-09-2025,Haryana,Hisar,125048,0,1
13-09-2025,Haryana,Hisar,125052,3,16
13-09-2025,Haryana,Hisar,125121,2,9
15-09-2025,Haryana,Hisar,125038,0,4
15-09-2025,Haryana,Hisar,125048,0,1
15-09-2025,Haryana,Hisar,125113,0,13
16-09-2025,Haryana,Hisar,125001,13,103
16-09-2025,Haryana,Hisar,125044,1,9
17-09-2025,Haryana,Hisar,125005,0,4
17-09-2025,Haryana,Hisar,125006,0,4
17-09-2025,Haryana,Hisar,125047,2,19
17-09-2025,Haryana,Hisar,125112,0,10
19-09-2025,Haryana,Hisar,125112,0,7
19-09-2025,Haryana,Hisar,125113,3,9
18-09-2025,Haryana,Hisar,125037,0,1
18-09-2025,Haryana,Hisar,125044,1,8
18-09-2025,Haryana,Hisar,125049,0,4
18-09-2025,Haryana,Hisar,125052,0,12
18-09-2025,Haryana,Hisar,125113,2,8
20-09-2025,Haryana,Hisar,125042,1,7
20-09-2025,Haryana,Hisar,125113,1,10
13-10-2025,Haryana,Hisar,125049,0,6
13-10-2025,Haryana,Hisar,125052,0,5
13-10-2025,Haryana,Hisar,125113,0,9
15-10-2025,Haryana,Hisar,125033,3,60
15-10-2025,Haryana,Hisar,125044,4,12
15-10-2025,Haryana,Hisar,125047,1,11
15-10-2025,Haryana,Hisar,125049,1,12
15-10-2025,Haryana,Hisar,125050,1,0
15-10-2025,Haryana,Hisar,125052,2,29
16-10-2025,Haryana,Hisar,125006,0,8
16-10-2025,Haryana,Hisar,125038,1,6
16-10-2025,Haryana,Hisar,125042,0,6
17-10-2025,Haryana,Hisar,125001,11,74
17-10-2025,Haryana,Hisar,125005,0,5
17-10-2025,Haryana,Hisar,125037,0,4
17-10-2025,Haryana,Hisar,125038,1,14
14-11-2025,Haryana,Hisar,125050,0,2
16-11-2025,Haryana,Hisar,125037,0,1
03-12-2025,Haryana,Hisar,125050,1,0
07-12-2025,Haryana,Hisar,125038,0,1
13-12-2025,Haryana,Hisar,127041,0,1
14-12-2025,Haryana,Hisar,125006,1,0
26-10-2025,Haryana,Hisar,125042,0,9
26-10-2025,Haryana,Hisar,125052,2,31
21-10-2025,Haryana,Hisar,125033,1,10
21-10-2025,Haryana,Hisar,125042,0,2
18-10-2025,Haryana,Hisar,125005,0,8
18-10-2025,Haryana,Hisar,125033,4,43
18-10-2025,Haryana,Hisar,125039,3,23
18-10-2025,Haryana,Hisar,125042,1,1
18-10-2025,Haryana,Hisar,125053,0,1
19-10-2025,Haryana,Hisar,125033,8,23
19-10-2025,Haryana,Hisar,125038,0,5
19-10-2025,Haryana,Hisar,125042,1,4
20-10-2025,Haryana,Hisar,125001,0,22
23-10-2025,Haryana,Hisar,125033,1,2
23-10-2025,Haryana,Hisar,125044,0,3
22-10-2025,Haryana,Hisar,125001,2,6
22-10-2025,Haryana,Hisar,125039,0,1
22-10-2025,Haryana,Hisar,125042,0,1
22-10-2025,Haryana,Hisar,125044,1,0
22-10-2025,Haryana,Hisar,125052,0,2
24-10-2025,Haryana,Hisar,125005,1,3
24-10-2025,Haryana,Hisar,125039,1,33
24-10-2025,Haryana,Hisar,125113,0,9
25-10-2025,Haryana,Hisar,125006,1,2
25-10-2025,Haryana,Hisar,125048,0,1
25-10-2025,Haryana,Hisar,125049,0,11
28-10-2025,Haryana,Hisar,125033,6,65
28-10-2025,Haryana,Hisar,125039,2,24
27-10-2025,Haryana,Hisar,125001,9,73
27-10-2025,Haryana,Hisar,125033,5,46
27-10-2025,Haryana,Hisar,125052,2,30
02-11-2025,Haryana,Hisar,125004,1,2
02-11-2025,Haryana,Hisar,125037,0,2
05-11-2025,Haryana,Hisar,125050,0,0
09-11-2025,Haryana,Hisar,125050,0,1
10-11-2025,Haryana,Hisar,125053,0,1
21-12-2025,Haryana,Hisar,125037,1,0
21-12-2025,Haryana,Hisar,125112,0,2
29-12-2025,Haryana,Hisar,125004,1,5
29-12-2025,Haryana,Hisar,125005,1,7
29-12-2025,Haryana,Hisar,125039,4,32
29-12-2025,Haryana,Hisar,125044,2,5
31-12-2025,Haryana,Hisar,125052,1,16
31-12-2025,Haryana,Hisar,125053,0,1
31-12-2025,Haryana,Hisar,125121,1,34
03-01-2026,Haryana,Hisar,125004,0,3
03-01-2026,Haryana,Hisar,125047,0,4
03-01-2026,Haryana,Hisar,125049,0,2
18-12-2025,Haryana,Hisar,125001,12,167
18-12-2025,Haryana,Hisar,125004,2,7
16-12-2025,Haryana,Hisar,125005,0,4
16-12-2025,Haryana,Hisar,125038,0,6
16-12-2025,Haryana,Hisar,125042,0,14
16-12-2025,Haryana,Hisar,125052,4,30
16-12-2025,Haryana,Hisar,127041,0,1
09-12-2025,Haryana,Hisar,125005,0,9
09-12-2025,Haryana,Hisar,125049,0,7
09-12-2025,Haryana,Hisar,125053,0,1
09-12-2025,Haryana,Hisar,125055,0,1
09-12-2025,Haryana,Hisar,125112,2,7
11-12-2025,Haryana,Hisar,125004,3,10
11-12-2025,Haryana,Hisar,125006,0,2
11-12-2025,Haryana,Hisar,125037,1,7
11-12-2025,Haryana,Hisar,125042,0,14
11-12-2025,Haryana,Hisar,125044,0,9
11-12-2025,Haryana,Hisar,125048,0,2
11-12-2025,Haryana,Hisar,125112,0,8
10-12-2025,Haryana,Hisar,125001,10,113
10-12-2025,Haryana,Hisar,125005,0,7
10-12-2025,Haryana,Hisar,125006,0,6
10-12-2025,Haryana,Hisar,125033,2,50
10-12-2025,Haryana,Hisar,125037,1,0
10-12-2025,Haryana,Hisar,125042,2,13
10-12-2025,Haryana,Hisar,125049,0,6
12-12-2025,Haryana,Hisar,125006,0,1
28-12-2025,Haryana,Hisar,125006,0,3
28-12-2025,Haryana,Hisar,125033,7,30
28-12-2025,Haryana,Hisar,125048,0,1
28-12-2025,Haryana,Hisar,125049,1,8
28-12-2025,Haryana,Hisar,125112,0,3
23-12-2025,Haryana,Hisar,125038,0,2
23-12-2025,Haryana,Hisar,125039,1,25
23-12-2025,Haryana,Hisar,125111,0,1
27-12-2025,Haryana,Hisar,125039,0,34
27-12-2025,Haryana,Hisar,125047,1,10
27-12-2025,Haryana,Hisar,125049,2,12
14-12-2025,Haryana,Hisar,125037,0,4
14-12-2025,Haryana,Hisar,125039,0,8
14-12-2025,Haryana,Hisar,125042,2,0
14-12-2025,Haryana,Hisar,125049,0,2
14-12-2025,Haryana,Hisar,125113,0,5
15-12-2025,Haryana,Hisar,125004,0,4
15-12-2025,Haryana,Hisar,125052,3,31
20-12-2025,Haryana,Hisar,125004,0,2
20-12-2025,Haryana,Hisar,125039,3,18
20-12-2025,Haryana,Hisar,125047,0,10
20-12-2025,Haryana,Hisar,125052,5,24
20-12-2025,Haryana,Hisar,125113,3,3
19-12-2025,Haryana,Hisar,125050,0,1
19-12-2025,Haryana,Hisar,125121,6,35
21-12-2025,Haryana,Hisar,125039,0,2
21-12-2025,Haryana,Hisar,125047,0,2
22-12-2025,Haryana,Hisar,125001,12,112
22-12-2025,Haryana,Hisar,125033,5,48
22-12-2025,Haryana,Hisar,125047,1,14
22-12-2025,Haryana,Hisar,125052,1,18
13-12-2025,Haryana,Hisar,125052,1,20
17-12-2025,Haryana,Hisar,125044,0,11
17-12-2025,Haryana,Hisar,125052,3,26
17-12-2025,Haryana,Hisar,125113,1,23
25-12-2025,Haryana,Hisar,125038,0,3
25-12-2025,Haryana,Hisar,125048,0,1
01-01-2026,Haryana,Hisar,125121,1,27
24-12-2025,Haryana,Hisar,125037,0,9
02-01-2026,Haryana,Hisar,125004,0,9
02-01-2026,Haryana,Hisar,125049,1,10
02-01-2026,Haryana,Hisar,125050,1,0
02-01-2026,Haryana,Hisar,125052,1,17
26-12-2025,Haryana,Hisar,125037,1,5
26-12-2025,Haryana,Hisar,125038,0,5
26-12-2025,Haryana,Hisar,125042,0,5
26-12-2025,Haryana,Hisar,125044,3,9
26-12-2025,Haryana,Hisar,125050,0,1
26-12-2025,Haryana,Hisar,125121,2,46
03-12-2025,Haryana,Hisar,125004,0,8
03-12-2025,Haryana,Hisar,125037,0,2
03-12-2025,Haryana,Hisar,125038,0,5
03-12-2025,Haryana,Hisar,125039,0,12
03-12-2025,Haryana,Hisar,125049,0,3
04-12-2025,Haryana,Hisar,125038,1,1
05-12-2025,Haryana,Hisar,125006,0,7
05-12-2025,Haryana,Hisar,125033,4,33
05-12-2025,Haryana,Hisar,125044,0,8
05-12-2025,Haryana,Hisar,125121,2,27
07-12-2025,Haryana,Hisar,125033,1,9
07-12-2025,Haryana,Hisar,125052,0,12
06-12-2025,Haryana,Hisar,125001,4,89
06-12-2025,Haryana,Hisar,125006,1,0
06-12-2025,Haryana,Hisar,125037,0,2
06-11-2025,Haryana,Hisar,125001,14,123
06-11-2025,Haryana,Hisar,125049,0,19
06-11-2025,Haryana,Hisar,125052,4,30
06-11-2025,Haryana,Hisar,125112,0,10
05-11-2025,Haryana,Hisar,125004,0,1
05-11-2025,Haryana,Hisar,125005,1,3
05-11-2025,Haryana,Hisar,125038,0,2
05-11-2025,Haryana,Hisar,125039,0,11
08-11-2025,Haryana,Hisar,125038,0,1
08-11-2025,Haryana,Hisar,125042,0,8
08-11-2025,Haryana,Hisar,125052,1,15
07-11-2025,Haryana,Hisar,125001,23,105
07-11-2025,Haryana,Hisar,125004,2,13
07-11-2025,Haryana,Hisar,125042,3,5
13-11-2025,Haryana,Hisar,125038,1,3
13-11-2025,Haryana,Hisar,125049,0,5
13-11-2025,Haryana,Hisar,125121,3,31
14-11-2025,Haryana,Hisar,125001,17,135
14-11-2025,Haryana,Hisar,125005,7,14
14-11-2025,Haryana,Hisar,125038,0,6
14-11-2025,Haryana,Hisar,125047,4,17
14-11-2025,Haryana,Hisar,125112,0,2
14-11-2025,Haryana,Hisar,125113,0,11
15-11-2025,Haryana,Hisar,125004,0,5
15-11-2025,Haryana,Hisar,125037,0,3
15-11-2025,Haryana,Hisar,125044,1,3
15-11-2025,Haryana,Hisar,125047,1,5
15-11-2025,Haryana,Hisar,125113,1,3
04-11-2025,Haryana,Hisar,125001,13,130
10-11-2025,Haryana,Hisar,125038,0,6
10-11-2025,Haryana,Hisar,125121,4,32
11-11-2025,Haryana,Hisar,125004,0,8
11-11-2025,Haryana,Hisar,125005,0,4
11-11-2025,Haryana,Hisar,125047,1,20
11-11-2025,Haryana,Hisar,125113,1,22
16-11-2025,Haryana,Hisar,125052,0,3
18-11-2025,Haryana,Hisar,125001,14,103
18-11-2025,Haryana,Hisar,125033,6,43
18-11-2025,Haryana,Hisar,125042,0,6
18-11-2025,Haryana,Hisar,125047,1,14
17-11-2025,Haryana,Hisar,125001,9,107
17-11-2025,Haryana,Hisar,125037,1,2
17-11-2025,Haryana,Hisar,125038,0,7
17-11-2025,Haryana,Hisar,125047,1,17
17-11-2025,Haryana,Hisar,125113,3,18
17-11-2025,Haryana,Hisar,125121,2,27
19-11-2025,Haryana,Hisar,125001,14,133
19-11-2025,Haryana,Hisar,125037,1,2
19-11-2025,Haryana,Hisar,125039,0,28
19-11-2025,Haryana,Hisar,125042,2,7
21-11-2025,Haryana,Hisar,125006,0,4
21-11-2025,Haryana,Hisar,125033,3,31
20-11-2025,Haryana,Hisar,125001,12,96
20-11-2025,Haryana,Hisar,125004,0,8
20-11-2025,Haryana,Hisar,125006,0,3
20-11-2025,Haryana,Hisar,125112,1,7
01-11-2025,Haryana,Hisar,125005,1,5
01-11-2025,Haryana,Hisar,125006,1,4
01-11-2025,Haryana,Hisar,125037,4,3
01-11-2025,Haryana,Hisar,125121,2,12
02-11-2025,Haryana,Hisar,125005,2,0
02-11-2025,Haryana,Hisar,125033,3,9
03-11-2025,Haryana,Hisar,125005,0,4
03-11-2025,Haryana,Hisar,125006,0,2
03-11-2025,Haryana,Hisar,125037,1,3
03-11-2025,Haryana,Hisar,125039,5,30
03-11-2025,Haryana,Hisar,125055,0,1
29-10-2025,Haryana,Hisar,125006,1,2
29-10-2025,Haryana,Hisar,125039,1,26
29-10-2025,Haryana,Hisar,125044,1,14
29-10-2025,Haryana,Hisar,125113,1,23
22-11-2025,Haryana,Hisar,125039,1,6
22-11-2025,Haryana,Hisar,125048,0,1
22-11-2025,Haryana,Hisar,125112,0,2
31-10-2025,Haryana,Hisar,125037,0,6
31-10-2025,Haryana,Hisar,125047,0,12
25-11-2025,Haryana,Hisar,125004,0,4
25-11-2025,Haryana,Hisar,125006,0,4
01-12-2025,Haryana,Hisar,125004,0,2
01-12-2025,Haryana,Hisar,125005,0,6
01-12-2025,Haryana,Hisar,125033,0,48
01-12-2025,Haryana,Hisar,125037,0,1
01-12-2025,Haryana,Hisar,125044,0,4
01-12-2025,Haryana,Hisar,125048,0,1
01-12-2025,Haryana,Hisar,125050,0,1
30-10-2025,Haryana,Hisar,125038,0,5
30-10-2025,Haryana,Hisar,125052,2,22
23-11-2025,Haryana,Hisar,125001,5,20
23-11-2025,Haryana,Hisar,125004,0,1
23-11-2025,Haryana,Hisar,125049,0,4
24-11-2025,Haryana,Hisar,125001,10,96
24-11-2025,Haryana,Hisar,125004,0,4
24-11-2025,Haryana,Hisar,125038,1,2
24-11-2025,Haryana,Hisar,125050,0,1
24-11-2025,Haryana,Hisar,125121,2,20
26-11-2025,Haryana,Hisar,125005,1,9
26-11-2025,Haryana,Hisar,125112,1,6
27-11-2025,Haryana,Hisar,125006,0,5
27-11-2025,Haryana,Hisar,125049,0,6
02-12-2025,Haryana,Hisar,125005,0,4
02-12-2025,Haryana,Hisar,125048,0,1
02-12-2025,Haryana,Hisar,125053,0,1
28-11-2025,Haryana,Hisar,125038,1,2
28-11-2025,Haryana,Hisar,125039,2,19
28-11-2025,Haryana,Hisar,125047,0,17
28-11-2025,Haryana,Hisar,125052,1,20
28-11-2025,Haryana,Hisar,125113,1,12
30-11-2025,Haryana,Hisar,125033,0,8
30-11-2025,Haryana,Hisar,125044,0,3
30-11-2025,Haryana,Hisar,125052,0,7
30-11-2025,Haryana,Hisar,125112,0,4
29-11-2025,Haryana,Hisar,125113,0,4
29-11-2025,Haryana,Hisar,125121,2,16
01-03-2025,Haryana,Hisar,125005,17,153
01-03-2025,Haryana,Hisar,125112,12,219
01-03-2025,Haryana,Hisar,125038,18,183
01-04-2025,Haryana,Hisar,125121,112,846
01-04-2025,Haryana,Hisar,125039,74,575
01-04-2025,Haryana,Hisar,125052,88,589
01-05-2025,Haryana,Hisar,125039,65,690
01-05-2025,Haryana,Hisar,125121,66,728
01-05-2025,Haryana,Hisar,125033,149,1170
01-06-2025,Haryana,Hisar,125052,54,660
01-07-2025,Haryana,Hisar,125039,64,590
01-09-2025,Haryana,Hisar,125001,6,104
01-09-2025,Haryana,Hisar,125037,0,3
01-09-2025,Haryana,Hisar,125038,0,7
01-09-2025,Haryana,Hisar,125121,0,9
02-09-2025,Haryana,Hisar,125004,0,4
02-09-2025,Haryana,Hisar,125039,3,5
02-09-2025,Haryana,Hisar,125049,1,2
04-09-2025,Haryana,Hisar,125001,27,100
03-09-2025,Haryana,Hisar,125001,16,93
03-09-2025,Haryana,Hisar,125037,1,0
03-09-2025,Haryana,Hisar,125042,1,4
03-09-2025,Haryana,Hisar,125044,2,5
03-09-2025,Haryana,Hisar,125048,0,1
03-09-2025,Haryana,Hisar,125049,1,6
05-09-2025,Haryana,Hisar,125005,2,4
05-09-2025,Haryana,Hisar,125006,2,2
05-09-2025,Haryana,Hisar,125037,0,5
05-09-2025,Haryana,Hisar,125042,2,2
05-09-2025,Haryana,Hisar,125047,1,6
05-09-2025,Haryana,Hisar,125112,0,6
08-09-2025,Haryana,Hisar,125004,0,7
08-09-2025,Haryana,Hisar,125005,1,5
08-09-2025,Haryana,Hisar,125033,6,47
08-09-2025,Haryana,Hisar,125037,0,1
08-09-2025,Haryana,Hisar,125042,0,3
08-09-2025,Haryana,Hisar,125052,2,26
08-09-2025,Haryana,Hisar,125121,4,37
08-09-2025,Haryana,Hisar,127041,0,1
06-09-2025,Haryana,Hisar,125038,1,24
06-09-2025,Haryana,Hisar,125044,1,5
06-09-2025,Haryana,Hisar,125048,0,1
06-09-2025,Haryana,Hisar,125049,0,2
06-09-2025,Haryana,Hisar,125050,0,1
06-09-2025,Haryana,Hisar,125055,1,0
09-09-2025,Haryana,Hisar,125005,0,6
09-09-2025,Haryana,Hisar,125033,5,48
09-09-2025,Haryana,Hisar,125037,0,1
09-09-2025,Haryana,Hisar,125038,0,3
09-09-2025,Haryana,Hisar,125039,3,21
09-09-2025,Haryana,Hisar,125042,0,3
09-09-2025,Haryana,Hisar,125050,0,1
09-09-2025,Haryana,Hisar,125112,2,13
10-09-2025,Haryana,Hisar,125004,1,5
11-09-2025,Haryana,Hisar,125001,26,104
11-09-2025,Haryana,Hisar,125037,1,0
11-09-2025,Haryana,Hisar,125039,2,14
11-09-2025,Haryana,Hisar,125050,0,1
13-09-2025,Haryana,Hisar,125001,29,52
13-09-2025,Haryana,Hisar,125005,2,6
13-09-2025,Haryana,Hisar,125042,0,6
13-09-2025,Haryana,Hisar,125047,1,6
12-09-2025,Haryana,Hisar,125005,4,7
12-09-2025,Haryana,Hisar,125044,1,11
12-09-2025,Haryana,Hisar,125049,0,6
15-09-2025,Haryana,Hisar,125033,6,38
15-09-2025,Haryana,Hisar,125042,1,7
15-09-2025,Haryana,Hisar,125044,2,13
16-09-2025,Haryana,Hisar,125113,4,16
16-09-2025,Haryana,Hisar,125121,2,17
16-09-2025,Haryana,Hisar,125005,2,4
17-09-2025,Haryana,Hisar,125042,0,2
17-09-2025,Haryana,Hisar,125048,0,1
17-09-2025,Haryana,Hisar,125121,2,17
18-09-2025,Haryana,Hisar,125001,10,84
18-09-2025,Haryana,Hisar,125038,0,3
18-09-2025,Haryana,Hisar,125121,0,30
19-09-2025,Haryana,Hisar,125005,0,7
19-09-2025,Haryana,Hisar,125037,0,1
19-09-2025,Haryana,Hisar,125038,0,6
19-09-2025,Haryana,Hisar,125039,1,11
19-09-2025,Haryana,Hisar,125042,1,6
13-10-2025,Haryana,Hisar,125039,2,12
20-09-2025,Haryana,Hisar,125001,11,82
20-09-2025,Haryana,Hisar,125033,3,32
20-09-2025,Haryana,Hisar,125048,0,1
20-09-2025,Haryana,Hisar,125052,3,18
15-10-2025,Haryana,Hisar,125038,1,10
16-10-2025,Haryana,Hisar,125033,10,58
16-10-2025,Haryana,Hisar,125048,0,1
16-10-2025,Haryana,Hisar,125049,2,9
16-10-2025,Haryana,Hisar,125052,9,22
16-10-2025,Haryana,Hisar,125121,3,39
17-10-2025,Haryana,Hisar,125006,0,3
17-10-2025,Haryana,Hisar,125044,0,3
17-10-2025,Haryana,Hisar,125048,0,1
17-10-2025,Haryana,Hisar,125052,2,20
19-10-2025,Haryana,Hisar,125004,0,3
19-10-2025,Haryana,Hisar,125113,5,2
26-10-2025,Haryana,Hisar,125037,0,3
20-10-2025,Haryana,Hisar,125033,0,10
20-10-2025,Haryana,Hisar,125044,0,1
20-10-2025,Haryana,Hisar,125052,0,2
21-10-2025,Haryana,Hisar,125052,3,3
22-10-2025,Haryana,Hisar,125033,1,3
27-10-2025,Haryana,Hisar,125005,0,4
27-10-2025,Haryana,Hisar,125006,0,4
27-10-2025,Haryana,Hisar,125037,1,1
27-10-2025,Haryana,Hisar,125038,3,3
28-10-2025,Haryana,Hisar,125006,0,6
28-10-2025,Haryana,Hisar,125044,1,7
02-11-2025,Haryana,Hisar,125048,0,1
18-10-2025,Haryana,Hisar,125006,1,4
18-10-2025,Haryana,Hisar,125037,0,2
18-10-2025,Haryana,Hisar,125113,0,10
18-10-2025,Haryana,Hisar,125121,3,27
23-10-2025,Haryana,Hisar,125001,3,10
24-10-2025,Haryana,Hisar,125047,2,8
24-10-2025,Haryana,Hisar,125048,1,1
24-10-2025,Haryana,Hisar,125052,1,7
24-10-2025,Haryana,Hisar,125121,4,35
25-10-2025,Haryana,Hisar,125005,0,13
25-10-2025,Haryana,Hisar,125037,0,4
25-10-2025,Haryana,Hisar,125044,0,6
25-10-2025,Haryana,Hisar,125050,0,2
25-10-2025,Haryana,Hisar,125121,3,47
01-11-2025,Haryana,Hisar,125038,0,3
06-11-2025,Haryana,Hisar,125048,0,4
07-11-2025,Haryana,Hisar,125048,0,1
08-11-2025,Haryana,Hisar,125037,0,1
15-11-2025,Haryana,Hisar,125111,0,1
05-11-2025,Haryana,Hisar,125052,0,12
06-11-2025,Haryana,Hisar,125004,1,11
06-11-2025,Haryana,Hisar,125005,0,7
06-11-2025,Haryana,Hisar,125006,1,6
06-11-2025,Haryana,Hisar,125037,1,4
06-11-2025,Haryana,Hisar,125042,0,15
08-11-2025,Haryana,Hisar,125001,11,70
08-11-2025,Haryana,Hisar,125047,2,5
08-11-2025,Haryana,Hisar,125112,0,1
07-11-2025,Haryana,Hisar,125005,0,6
07-11-2025,Haryana,Hisar,125033,2,66
07-11-2025,Haryana,Hisar,125037,1,7
07-11-2025,Haryana,Hisar,125047,2,24
07-11-2025,Haryana,Hisar,125049,0,7
07-11-2025,Haryana,Hisar,125050,0,3
07-11-2025,Haryana,Hisar,125112,1,3
07-11-2025,Haryana,Hisar,125120,0,1
07-11-2025,Haryana,Hisar,125121,2,19
07-12-2025,Haryana,Hisar,125005,1,0
07-12-2025,Haryana,Hisar,125112,0,1
07-12-2025,Haryana,Hisar,125121,0,13
06-12-2025,Haryana,Hisar,125004,0,3
06-12-2025,Haryana,Hisar,125033,5,43
06-12-2025,Haryana,Hisar,125042,0,11
04-11-2025,Haryana,Hisar,125004,0,7
04-11-2025,Haryana,Hisar,125005,0,7
04-11-2025,Haryana,Hisar,125037,0,3
04-11-2025,Haryana,Hisar,125039,1,31
04-11-2025,Haryana,Hisar,125042,2,6
04-11-2025,Haryana,Hisar,125049,0,11
04-11-2025,Haryana,Hisar,125052,3,18
04-11-2025,Haryana,Hisar,125055,0,1
09-11-2025,Haryana,Hisar,125001,6,20
09-11-2025,Haryana,Hisar,125039,0,4
09-11-2025,Haryana,Hisar,125044,0,3
09-11-2025,Haryana,Hisar,125121,2,2
11-11-2025,Haryana,Hisar,125001,18,111
11-11-2025,Haryana,Hisar,125006,0,6
11-11-2025,Haryana,Hisar,125042,2,7
10-11-2025,Haryana,Hisar,125004,1,6
10-11-2025,Haryana,Hisar,125006,0,4
10-11-2025,Haryana,Hisar,125039,0,20
10-11-2025,Haryana,Hisar,125042,0,6
10-11-2025,Haryana,Hisar,125052,3,29
10-11-2025,Haryana,Hisar,125113,0,11
12-11-2025,Haryana,Hisar,125005,0,8
12-11-2025,Haryana,Hisar,125037,0,4
12-11-2025,Haryana,Hisar,125038,0,3
12-11-2025,Haryana,Hisar,125039,0,18
12-11-2025,Haryana,Hisar,125042,1,2
12-11-2025,Haryana,Hisar,125044,1,8
12-11-2025,Haryana,Hisar,125050,0,1
13-11-2025,Haryana,Hisar,125001,15,122
13-11-2025,Haryana,Hisar,125037,1,0
13-11-2025,Haryana,Hisar,125047,2,15
14-11-2025,Haryana,Hisar,125004,0,12
14-11-2025,Haryana,Hisar,125006,0,8
14-11-2025,Haryana,Hisar,125033,2,36
14-11-2025,Haryana,Hisar,125039,2,18
14-11-2025,Haryana,Hisar,125042,0,7
14-11-2025,Haryana,Hisar,125044,0,6
15-11-2025,Haryana,Hisar,125001,7,77
15-11-2025,Haryana,Hisar,125006,1,0
15-11-2025,Haryana,Hisar,125033,2,33
15-11-2025,Haryana,Hisar,125039,2,18
15-11-2025,Haryana,Hisar,125042,2,2
15-11-2025,Haryana,Hisar,125049,3,8
15-11-2025,Haryana,Hisar,125112,0,4
16-11-2025,Haryana,Hisar,125039,1,3
16-11-2025,Haryana,Hisar,125049,2,1
16-11-2025,Haryana,Hisar,125113,0,3
28-12-2025,Haryana,Hisar,125001,6,115
28-12-2025,Haryana,Hisar,125038,1,1
29-12-2025,Haryana,Hisar,125006,0,8
29-12-2025,Haryana,Hisar,125033,3,37
29-12-2025,Haryana,Hisar,125038,0,4
29-12-2025,Haryana,Hisar,125052,3,25
01-01-2026,Haryana,Hisar,125005,0,6
01-01-2026,Haryana,Hisar,125039,1,25
01-01-2026,Haryana,Hisar,125042,1,5
01-01-2026,Haryana,Hisar,125049,1,9
01-01-2026,Haryana,Hisar,125050,0,2
01-01-2026,Haryana,Hisar,125055,0,1
31-12-2025,Haryana,Hisar,125001,10,117
31-12-2025,Haryana,Hisar,125006,0,2
31-12-2025,Haryana,Hisar,125039,2,36
31-12-2025,Haryana,Hisar,125048,0,1
31-12-2025,Haryana,Hisar,125112,0,10
02-01-2026,Haryana,Hisar,125001,11,85
02-01-2026,Haryana,Hisar,125006,0,2
02-01-2026,Haryana,Hisar,125038,0,3
02-01-2026,Haryana,Hisar,125042,1,9
02-01-2026,Haryana,Hisar,125113,3,10
03-01-2026,Haryana,Hisar,125052,2,9
19-12-2025,Haryana,Hisar,125055,0,1
08-12-2025,Haryana,Hisar,125050,0,1
23-12-2025,Haryana,Hisar,125004,1,8
23-12-2025,Haryana,Hisar,125005,0,5
23-12-2025,Haryana,Hisar,125006,0,7
23-12-2025,Haryana,Hisar,125048,0,1
23-12-2025,Haryana,Hisar,125049,0,4
23-12-2025,Haryana,Hisar,125050,0,4
23-12-2025,Haryana,Hisar,125052,4,29
24-12-2025,Haryana,Hisar,125052,1,38
24-12-2025,Haryana,Hisar,125113,3,25
24-12-2025,Haryana,Hisar,125121,3,55
25-12-2025,Haryana,Hisar,125004,1,2
25-12-2025,Haryana,Hisar,125050,0,2
25-12-2025,Haryana,Hisar,125112,0,7
26-12-2025,Haryana,Hisar,125039,1,30
26-12-2025,Haryana,Hisar,125112,2,10
27-12-2025,Haryana,Hisar,125005,2,5
27-12-2025,Haryana,Hisar,125044,1,10
27-12-2025,Haryana,Hisar,125113,2,13
18-12-2025,Haryana,Hisar,125039,1,29
18-12-2025,Haryana,Hisar,125042,0,12
18-12-2025,Haryana,Hisar,125044,1,8
18-12-2025,Haryana,Hisar,125052,2,33
18-12-2025,Haryana,Hisar,125113,1,14
18-12-2025,Haryana,Hisar,125121,2,39
20-12-2025,Haryana,Hisar,125044,2,3
21-12-2025,Haryana,Hisar,125001,5,45
21-12-2025,Haryana,Hisar,125004,1,1
21-12-2025,Haryana,Hisar,125005,0,3
21-12-2025,Haryana,Hisar,125044,0,4
19-12-2025,Haryana,Hisar,125004,1,16
19-12-2025,Haryana,Hisar,125006,0,9
19-12-2025,Haryana,Hisar,125039,1,29
19-12-2025,Haryana,Hisar,125112,0,10
15-12-2025,Haryana,Hisar,125037,1,5
15-12-2025,Haryana,Hisar,125038,0,2
15-12-2025,Haryana,Hisar,125042,2,10
15-12-2025,Haryana,Hisar,125047,0,9
15-12-2025,Haryana,Hisar,125049,0,11
14-12-2025,Haryana,Hisar,125005,0,1
14-12-2025,Haryana,Hisar,125033,0,10
14-12-2025,Haryana,Hisar,125121,1,7
16-12-2025,Haryana,Hisar,125006,0,6
16-12-2025,Haryana,Hisar,125033,10,45
16-12-2025,Haryana,Hisar,125049,1,9
16-12-2025,Haryana,Hisar,125053,0,1
16-12-2025,Haryana,Hisar,125112,0,11
22-12-2025,Haryana,Hisar,125004,0,12
22-12-2025,Haryana,Hisar,125005,2,7
22-12-2025,Haryana,Hisar,125039,1,24
22-12-2025,Haryana,Hisar,125121,2,32
13-12-2025,Haryana,Hisar,125006,0,4
13-12-2025,Haryana,Hisar,125037,0,1
13-12-2025,Haryana,Hisar,125038,0,4
13-12-2025,Haryana,Hisar,125049,0,12
13-12-2025,Haryana,Hisar,125112,2,1
13-12-2025,Haryana,Hisar,125121,3,30
17-12-2025,Haryana,Hisar,125001,6,131
17-12-2025,Haryana,Hisar,125005,0,5
17-12-2025,Haryana,Hisar,125006,0,6
17-12-2025,Haryana,Hisar,125033,6,48
17-12-2025,Haryana,Hisar,125049,0,8
17-12-2025,Haryana,Hisar,125112,0,4
17-12-2025,Haryana,Hisar,125121,3,40
08-12-2025,Haryana,Hisar,125004,0,12
08-12-2025,Haryana,Hisar,125053,0,2
10-12-2025,Haryana,Hisar,125004,0,8
09-12-2025,Haryana,Hisar,125004,0,7
09-12-2025,Haryana,Hisar,125037,0,1
09-12-2025,Haryana,Hisar,125038,1,7
09-12-2025,Haryana,Hisar,125039,1,36
11-12-2025,Haryana,Hisar,125001,7,133
11-12-2025,Haryana,Hisar,125005,0,5
11-12-2025,Haryana,Hisar,125033,1,65
11-12-2025,Haryana,Hisar,125038,0,6
11-12-2025,Haryana,Hisar,125047,0,17
11-12-2025,Haryana,Hisar,125049,0,5
11-12-2025,Haryana,Hisar,125113,3,20
12-12-2025,Haryana,Hisar,125001,6,126
12-12-2025,Haryana,Hisar,125005,1,7
12-12-2025,Haryana,Hisar,125052,2,26
03-12-2025,Haryana,Hisar,125005,1,5
03-12-2025,Haryana,Hisar,125006,0,4
03-12-2025,Haryana,Hisar,125044,0,2
03-12-2025,Haryana,Hisar,125047,1,9
03-12-2025,Haryana,Hisar,125052,2,21
04-12-2025,Haryana,Hisar,125004,0,5
04-12-2025,Haryana,Hisar,125049,0,6
04-12-2025,Haryana,Hisar,125113,1,16
05-12-2025,Haryana,Hisar,125038,1,6
05-12-2025,Haryana,Hisar,125039,1,14
05-12-2025,Haryana,Hisar,125052,1,37
05-12-2025,Haryana,Hisar,125112,0,4
05-12-2025,Haryana,Hisar,125113,1,15
18-11-2025,Haryana,Hisar,125044,3,6
18-11-2025,Haryana,Hisar,125049,0,4
18-11-2025,Haryana,Hisar,125052,1,22
18-11-2025,Haryana,Hisar,125113,0,12
18-11-2025,Haryana,Hisar,125121,1,30
19-11-2025,Haryana,Hisar,125006,0,3
19-11-2025,Haryana,Hisar,125052,0,27
29-10-2025,Haryana,Hisar,125001,22,120
29-10-2025,Haryana,Hisar,125004,1,4
29-10-2025,Haryana,Hisar,125037,0,3
29-10-2025,Haryana,Hisar,125112,1,10
03-11-2025,Haryana,Hisar,125038,1,2
03-11-2025,Haryana,Hisar,125112,0,5
22-11-2025,Haryana,Hisar,125004,0,1
22-11-2025,Haryana,Hisar,125042,1,11
22-11-2025,Haryana,Hisar,125050,0,1
22-11-2025,Haryana,Hisar,125052,5,13
22-11-2025,Haryana,Hisar,125113,1,3
22-11-2025,Haryana,Hisar,125121,0,10
31-10-2025,Haryana,Hisar,125006,0,4
31-10-2025,Haryana,Hisar,125038,1,10
31-10-2025,Haryana,Hisar,125042,2,10
31-10-2025,Haryana,Hisar,125044,2,7
31-10-2025,Haryana,Hisar,125052,1,24
31-10-2025,Haryana,Hisar,125113,1,20
23-11-2025,Haryana,Hisar,125005,0,1
23-11-2025,Haryana,Hisar,125033,1,4
23-11-2025,Haryana,Hisar,125052,0,6
24-11-2025,Haryana,Hisar,125044,0,2
17-11-2025,Haryana,Hisar,125005,0,3
17-11-2025,Haryana,Hisar,125006,1,4
17-11-2025,Haryana,Hisar,125033,1,41
17-11-2025,Haryana,Hisar,125042,1,6
17-11-2025,Haryana,Hisar,125048,0,2
20-11-2025,Haryana,Hisar,125005,1,3
20-11-2025,Haryana,Hisar,125033,4,67
20-11-2025,Haryana,Hisar,125038,1,2
20-11-2025,Haryana,Hisar,125047,2,14
20-11-2025,Haryana,Hisar,125050,1,0
20-11-2025,Haryana,Hisar,125121,1,24
21-11-2025,Haryana,Hisar,125004,0,8
21-11-2025,Haryana,Hisar,125005,0,3
21-11-2025,Haryana,Hisar,125039,3,18
21-11-2025,Haryana,Hisar,125047,2,11
21-11-2025,Haryana,Hisar,125052,1,26
21-11-2025,Haryana,Hisar,125113,0,18
02-11-2025,Haryana,Hisar,125047,0,5
01-11-2025,Haryana,Hisar,125042,1,1
30-10-2025,Haryana,Hisar,125004,0,8
30-10-2025,Haryana,Hisar,125005,1,4
30-10-2025,Haryana,Hisar,125042,1,8
30-10-2025,Haryana,Hisar,125050,0,1
25-11-2025,Haryana,Hisar,125039,2,19
25-11-2025,Haryana,Hisar,125049,1,6
26-11-2025,Haryana,Hisar,125001,6,109
26-11-2025,Haryana,Hisar,125038,0,5
26-11-2025,Haryana,Hisar,125039,1,16
26-11-2025,Haryana,Hisar,125042,1,2
26-11-2025,Haryana,Hisar,125044,4,8
01-12-2025,Haryana,Hisar,125049,0,4
01-12-2025,Haryana,Hisar,125053,0,1
01-12-2025,Haryana,Hisar,125113,0,24
27-11-2025,Haryana,Hisar,125001,10,116
27-11-2025,Haryana,Hisar,125038,0,5
27-11-2025,Haryana,Hisar,125112,0,21
27-11-2025,Haryana,Hisar,125113,0,11
02-12-2025,Haryana,Hisar,125004,0,5
02-12-2025,Haryana,Hisar,125033,4,32
02-12-2025,Haryana,Hisar,125039,2,21
02-12-2025,Haryana,Hisar,125049,0,6
28-11-2025,Haryana,Hisar,125005,0,9
28-11-2025,Haryana,Hisar,125037,0,3
28-11-2025,Haryana,Hisar,125042,2,7
30-11-2025,Haryana,Hisar,125039,1,5
30-11-2025,Haryana,Hisar,125042,0,2
30-11-2025,Haryana,Hisar,125049,2,2
29-11-2025,Haryana,Hisar,125006,1,2
29-11-2025,Haryana,Hisar,125033,5,32
29-11-2025,Haryana,Hisar,125039,0,16
29-11-2025,Haryana,Hisar,125052,2,12
